肖申克的救赎,导演: 弗兰克·德拉邦特 Frank Darabont&nbsp;&nbsp;&nbsp;主演: 蒂姆·罗宾斯 Tim Robbins /...,1994,美国,犯罪 剧情,9.7,2930887
霸王别姬,导演: 陈凯歌 Kaige Chen&nbsp;&nbsp;&nbsp;主演: 张国荣 Leslie Cheung / 张丰毅 Fengyi Zha...,1993,中国大陆 中国香港,剧情 爱情 同性,9.6,2164293
阿甘正传,导演: 罗伯特·泽米吉斯 Robert Zemeckis&nbsp;&nbsp;&nbsp;主演: 汤姆·汉克斯 Tom Hanks / ...,1994,美国,剧情 爱情,9.5,2184944
泰坦尼克号,导演: 詹姆斯·卡梅隆 James Cameron&nbsp;&nbsp;&nbsp;主演: 莱昂纳多·迪卡普里奥 Leonardo...,1997,美国 墨西哥,剧情 爱情 灾难,9.5,2217869
这个杀手不太冷,导演: 吕克·贝松 Luc Besson&nbsp;&nbsp;&nbsp;主演: 让·雷诺 Jean Reno / 娜塔莉·波特曼 ...,1994,法国 美国,剧情 动作 犯罪,9.4,2317476
千与千寻,导演: 宫崎骏 Hayao Miyazaki&nbsp;&nbsp;&nbsp;主演: 柊瑠美 Rumi Hîragi / 入野自由 Miy...,2001,日本,剧情 动画 奇幻,9.4,2268571
美丽人生,导演: 罗伯托·贝尼尼 Roberto Benigni&nbsp;&nbsp;&nbsp;主演: 罗伯托·贝尼尼 Roberto Beni...,1997,意大利,剧情 喜剧 爱情 战争,9.6,1340150
星际穿越,导演: 克里斯托弗·诺兰 Christopher Nolan&nbsp;&nbsp;&nbsp;主演: 马修·麦康纳 Matthew Mc...,2014,美国 英国 加拿大,剧情 科幻 冒险,9.4,1871771
辛德勒的名单,导演: 史蒂文·斯皮尔伯格 Steven Spielberg&nbsp;&nbsp;&nbsp;主演: 连姆·尼森 Liam Neeson...,1993,美国,剧情 历史 战争,9.6,1118032
盗梦空间,导演: 克里斯托弗·诺兰 Christopher Nolan&nbsp;&nbsp;&nbsp;主演: 莱昂纳多·迪卡普里奥 Le...,2010,美国 英国,剧情 科幻 悬疑 冒险,9.4,2089080
楚门的世界,导演: 彼得·威尔 Peter Weir&nbsp;&nbsp;&nbsp;主演: 金·凯瑞 Jim Carrey / 劳拉·琳妮 Lau...,1998,美国,剧情 科幻,9.4,1735898
忠犬八公的故事,导演: 莱塞·霍尔斯道姆 Lasse Hallström&nbsp;&nbsp;&nbsp;主演: 理查·基尔 Richard Ger...,2009,美国 英国,剧情,9.4,1411442
海上钢琴师,导演: 朱塞佩·托纳多雷 Giuseppe Tornatore&nbsp;&nbsp;&nbsp;主演: 蒂姆·罗斯 Tim Roth / ...,1998,意大利,剧情 音乐,9.3,1694641
三傻大闹宝莱坞,导演: 拉库马·希拉尼 Rajkumar Hirani&nbsp;&nbsp;&nbsp;主演: 阿米尔·汗 Aamir Khan / 卡...,2009,印度,剧情 喜剧 爱情 歌舞,9.2,1877256
放牛班的春天,导演: 克里斯托夫·巴拉蒂 Christophe Barratier&nbsp;&nbsp;&nbsp;主演: 让-巴蒂斯特·莫尼...,2004,法国 瑞士 德国,剧情 音乐,9.3,1326057
机器人总动员,导演: 安德鲁·斯坦顿 Andrew Stanton&nbsp;&nbsp;&nbsp;主演: 本·贝尔特 Ben Burtt / 艾丽...,2008,美国,科幻 动画 冒险,9.3,1330451
疯狂动物城,导演: 拜伦·霍华德 Byron Howard / 瑞奇·摩尔 Rich Moore&nbsp;&nbsp;&nbsp;主演: 金妮弗·...,2016,美国,喜剧 动画 冒险,9.2,1964547
无间道,导演: 刘伟强 / 麦兆辉&nbsp;&nbsp;&nbsp;主演: 刘德华 Andy Lau / 梁朝伟 Tony Leung Chiu W...,2002,中国香港,剧情 犯罪 惊悚,9.3,1381239
控方证人,导演: 比利·怀尔德 Billy Wilder&nbsp;&nbsp;&nbsp;主演: 泰隆·鲍华 Tyrone Power / 玛琳·...,1957,美国,剧情 犯罪 悬疑,9.6,572979
大话西游之大圣娶亲,导演: 刘镇伟 Jeffrey Lau&nbsp;&nbsp;&nbsp;主演: 周星驰 Stephen Chow / 吴孟达 Man Tat Ng...,1995,中国香港 中国大陆,喜剧 爱情 奇幻 古装,9.2,1549396
熔炉,导演: 黄东赫 Dong-hyuk Hwang&nbsp;&nbsp;&nbsp;主演: 孔侑 Yoo Gong / 郑有美 Yu-mi Jung /...,2011,韩国,剧情,9.4,940592
教父,导演: 弗朗西斯·福特·科波拉 Francis Ford Coppola&nbsp;&nbsp;&nbsp;主演: 马龙·白兰度 M...,1972,美国,剧情 犯罪,9.3,979457
触不可及,导演: 奥利维·那卡什 Olivier Nakache / 艾力克·托兰达 Eric Toledano&nbsp;&nbsp;&nbsp;主...,2011,法国,剧情 喜剧,9.3,1130396
当幸福来敲门,导演: 加布里尔·穆奇诺 Gabriele Muccino&nbsp;&nbsp;&nbsp;主演: 威尔·史密斯 Will Smith ...,2006,美国,剧情 传记 家庭,9.2,1535560
末代皇帝,导演: 贝纳尔多·贝托鲁奇 Bernardo Bertolucci&nbsp;&nbsp;&nbsp;主演: 尊龙 John Lone / 陈...,1987,英国 意大利 中国大陆 法国,剧情 传记 历史,9.3,897911
寻梦环游记,导演: 李·昂克里奇 Lee Unkrich / 阿德里安·莫利纳 Adrian Molina&nbsp;&nbsp;&nbsp;主演: ...,2017,美国,喜剧 动画 奇幻 音乐,9.1,1705355
龙猫,导演: 宫崎骏 Hayao Miyazaki&nbsp;&nbsp;&nbsp;主演: 日高法子 Noriko Hidaka / 坂本千夏 Ch...,1988,日本,动画 奇幻 冒险,9.2,1279799
怦然心动,导演: 罗伯·莱纳 Rob Reiner&nbsp;&nbsp;&nbsp;主演: 玛德琳·卡罗尔 Madeline Carroll / 卡...,2010,美国,剧情 喜剧 爱情,9.1,1852785
活着,导演: 张艺谋 Yimou Zhang&nbsp;&nbsp;&nbsp;主演: 葛优 You Ge / 巩俐 Li Gong / 姜武 Wu Jiang,1994,中国大陆 中国香港,剧情 历史 家庭,9.3,856221
蝙蝠侠：黑暗骑士,导演: 克里斯托弗·诺兰 Christopher Nolan&nbsp;&nbsp;&nbsp;主演: 克里斯蒂安·贝尔 Christ...,2008,美国 英国,剧情 动作 科幻 犯罪 惊悚,9.2,1073970
哈利·波特与魔法石,导演: Chris Columbus&nbsp;&nbsp;&nbsp;主演: Daniel Radcliffe / Emma Watson / Rupert Grint,2001,美国 英国,奇幻 冒险,9.2,1209180
指环王3：王者无敌,导演: 彼得·杰克逊 Peter Jackson&nbsp;&nbsp;&nbsp;主演: 伊利亚·伍德 Elijah Wood / 西恩...,2003,美国 新西兰,剧情 动作 奇幻 冒险,9.3,812843
我不是药神,导演: 文牧野 Muye Wen&nbsp;&nbsp;&nbsp;主演: 徐峥 Zheng Xu / 王传君 Chuanjun Wang / 周...,2018,中国大陆,剧情 喜剧,9.0,2128105
乱世佳人,导演: 维克多·弗莱明 Victor Fleming / 乔治·库克 George Cukor&nbsp;&nbsp;&nbsp;主演: 费...,1939,美国,剧情 历史 爱情 战争,9.3,699456
飞屋环游记,导演: 彼特·道格特 Pete Docter / 鲍勃·彼德森 Bob Peterson&nbsp;&nbsp;&nbsp;主演: 爱德...,2009,美国,剧情 喜剧 动画 冒险,9.1,1340997
素媛,导演: 李濬益 Jun-ik Lee&nbsp;&nbsp;&nbsp;主演: 薛景求 Kyung-gu Sol / 严志媛 Ji-won Uhm ...,2013,韩国,剧情,9.3,694833
哈尔的移动城堡,导演: 宫崎骏 Hayao Miyazaki&nbsp;&nbsp;&nbsp;主演: 倍赏千惠子 Chieko Baishô / 木村拓...,2004,日本,动画 奇幻 冒险,9.1,1038916
十二怒汉,导演: Sidney Lumet&nbsp;&nbsp;&nbsp;主演: 亨利·方达 Henry Fonda / 马丁·鲍尔萨姆 Marti...,1957,美国,剧情,9.4,497692
何以为家,导演: 娜丁·拉巴基 Nadine Labaki&nbsp;&nbsp;&nbsp;主演: 扎因·拉费阿 Zain al-Rafeea / ...,2018,黎巴嫩 美国 法国 塞浦路斯 卡塔尔 英国,剧情,9.1,1056022
摔跤吧！爸爸,导演: 涅提·蒂瓦里 Nitesh Tiwari&nbsp;&nbsp;&nbsp;主演: 阿米尔·汗 Aamir Khan / 法缇玛...,2016,印度,剧情 传记 运动 家庭,9.0,1585219
让子弹飞,导演: 姜文 Wen Jiang&nbsp;&nbsp;&nbsp;主演: 姜文 Wen Jiang / 葛优 You Ge / 周润发 Yun-F...,2010,中国大陆 中国香港,剧情 喜剧 动作 西部,9.0,1718291
猫鼠游戏,导演: 史蒂文·斯皮尔伯格 Steven Spielberg&nbsp;&nbsp;&nbsp;主演: 莱昂纳多·迪卡普里奥 L...,2002,美国 加拿大,传记 犯罪 剧情,9.1,1040906
天空之城,导演: 宫崎骏 Hayao Miyazaki&nbsp;&nbsp;&nbsp;主演: 田中真弓 Mayumi Tanaka / 横泽启子 Ke...,1986,日本,动画 奇幻 冒险,9.2,884754
鬼子来了,导演: 姜文 Wen Jiang&nbsp;&nbsp;&nbsp;主演: 姜文 Wen Jiang / 香川照之 Teruyuki Kagawa /...,2000,中国大陆,剧情 喜剧,9.3,633910
少年派的奇幻漂流,导演: 李安 Ang Lee&nbsp;&nbsp;&nbsp;主演: 苏拉·沙玛 Suraj Sharma / 伊尔凡·可汗 Irrfan...,2012,美国 中国台湾 英国 加拿大,剧情 奇幻 冒险,9.1,1361783
海蒂和爷爷,导演: 阿兰·葛斯彭纳 Alain Gsponer&nbsp;&nbsp;&nbsp;主演: 阿努克·斯特芬 Anuk Steffen /...,2015,德国 瑞士,剧情 冒险 家庭,9.3,627335
钢琴家,导演: 罗曼·波兰斯基 Roman Polanski&nbsp;&nbsp;&nbsp;主演: 艾德里安·布洛迪 Adrien Brod...,2002,英国 法国 波兰 德国,剧情 传记 战争 音乐,9.3,649701
大话西游之月光宝盒,导演: 刘镇伟 Jeffrey Lau&nbsp;&nbsp;&nbsp;主演: 周星驰 Stephen Chow / 吴孟达 Man Tat Ng...,1995,中国香港 中国大陆,喜剧 爱情 奇幻 古装,9.0,1233656
指环王2：双塔奇兵,导演: 彼得·杰克逊 Peter Jackson&nbsp;&nbsp;&nbsp;主演: 伊利亚·伍德 Elijah Wood / 西恩...,2002,美国 新西兰,剧情 动作 奇幻 冒险,9.2,762577
闻香识女人,导演: 马丁·布莱斯 Martin Brest&nbsp;&nbsp;&nbsp;主演: 阿尔·帕西诺 Al Pacino / 克里斯...,1992,美国,剧情,9.1,897126
罗马假日,导演: 威廉·惠勒 William Wyler&nbsp;&nbsp;&nbsp;主演: 奥黛丽·赫本 Audrey Hepburn / 格...,1953,美国,喜剧 剧情 爱情,9.1,959151
死亡诗社,导演: 彼得·威尔 Peter Weir&nbsp;&nbsp;&nbsp;主演: 罗宾·威廉姆斯 Robin Williams / 罗伯...,1989,美国,剧情,9.2,737279
绿皮书,导演: 彼得·法雷里 Peter Farrelly&nbsp;&nbsp;&nbsp;主演: 维果·莫腾森 Viggo Mortensen /...,2018,美国 中国大陆,剧情 喜剧 传记 音乐,8.9,1669015
天堂电影院,导演: 朱塞佩·托纳多雷 Giuseppe Tornatore&nbsp;&nbsp;&nbsp;主演: 菲利普·努瓦雷 Philipp...,1988,意大利 法国,剧情 爱情,9.2,684426
大闹天宫,导演: 万籁鸣 Laiming Wan&nbsp;&nbsp;&nbsp;主演: 邱岳峰 Yuefeng Qiu / 富润生 Runsheng Fu...,1961(中国大陆) / 1964(中国大陆) / 1978(中国大陆),中国大陆,剧情 动画 奇幻 古装,9.4,444127
指环王1：护戒使者,导演: 彼得·杰克逊 Peter Jackson&nbsp;&nbsp;&nbsp;主演: 伊利亚·伍德 Elijah Wood / 西恩...,2001,新西兰 美国,剧情 动作 奇幻 冒险,9.1,857047
黑客帝国,导演: 安迪·沃卓斯基 Andy Wachowski / 拉娜·沃卓斯基 Lana Wachowski&nbsp;&nbsp;&nbsp;主...,1999,美国,动作 科幻,9.1,846608
教父2,导演: 弗朗西斯·福特·科波拉 Francis Ford Coppola&nbsp;&nbsp;&nbsp;主演: 阿尔·帕西诺 A...,1974,美国,剧情 犯罪,9.3,559774
狮子王,导演: Roger Allers / 罗伯·明可夫 Rob Minkoff&nbsp;&nbsp;&nbsp;主演: 乔纳森·泰勒·托马...,1994,美国,动画 冒险 歌舞,9.1,852899
辩护人,导演: 杨宇硕 Woo-seok Yang&nbsp;&nbsp;&nbsp;主演: 宋康昊 Kang-ho Song / 金英爱 Yeong-ae...,2013,韩国,剧情,9.2,593959
饮食男女,导演: 李安 Ang Lee&nbsp;&nbsp;&nbsp;主演: 郎雄 Sihung Lung / 杨贵媚 Kuei-Mei Yang / 吴...,1994,中国台湾 美国,剧情 家庭,9.2,628410
搏击俱乐部,导演: 大卫·芬奇 David Fincher&nbsp;&nbsp;&nbsp;主演: 爱德华·诺顿 Edward Norton / 布拉...,1999,美国,剧情 动作 悬疑 惊悚,9.0,855032
美丽心灵,导演: 朗·霍华德 Ron Howard&nbsp;&nbsp;&nbsp;主演: 罗素·克劳 Russell Crowe / 艾德·哈...,2001,美国,传记 剧情,9.1,776666
本杰明·巴顿奇事,导演: 大卫·芬奇 David Fincher&nbsp;&nbsp;&nbsp;主演: 凯特·布兰切特 Cate Blanchett / ...,2008,美国,剧情 爱情 奇幻,9.0,993524
穿条纹睡衣的男孩,导演: 马克·赫尔曼 Mark Herman&nbsp;&nbsp;&nbsp;主演: 阿萨·巴特菲尔德 Asa Butterfield ...,2008,英国 美国,剧情 战争,9.2,572700
窃听风暴,导演: 弗洛里安·亨克尔·冯·多纳斯马尔克 Florian Henckel von Donnersmarck&nbsp;&nbsp;&n...,2006,德国,剧情 悬疑,9.2,570277
情书,导演: 岩井俊二 Shunji Iwai&nbsp;&nbsp;&nbsp;主演: 中山美穗 Miho Nakayama / 丰川悦司 Ets...,1995,日本,剧情 爱情,8.9,1127317
两杆大烟枪,导演: 盖·里奇 Guy Ritchie&nbsp;&nbsp;&nbsp;主演: 杰森·弗莱明 Jason Flemyng / 德克斯特...,1998,英国,剧情 喜剧 犯罪,9.1,600605
西西里的美丽传说,导演: 朱塞佩·托纳多雷 Giuseppe Tornatore&nbsp;&nbsp;&nbsp;主演: 莫妮卡·贝鲁奇 Monica ...,2000,意大利 美国,剧情 战争 情色,8.9,985194
看不见的客人,导演: 奥里奥尔·保罗 Oriol Paulo&nbsp;&nbsp;&nbsp;主演: 马里奥·卡萨斯 Mario Casas / 阿...,2016,西班牙,剧情 犯罪 悬疑 惊悚,8.8,1284744
音乐之声,导演: 罗伯特·怀斯 Robert Wise&nbsp;&nbsp;&nbsp;主演: 朱莉·安德鲁斯 Julie Andrews / 克...,1965,美国,剧情 传记 爱情 歌舞,9.1,609344
阿凡达,导演: 詹姆斯·卡梅隆 James Cameron&nbsp;&nbsp;&nbsp;主演: 萨姆·沃辛顿 Sam Worthington ...,2009,美国,动作 科幻 冒险,8.8,1435116
拯救大兵瑞恩,导演: 史蒂文·斯皮尔伯格 Steven Spielberg&nbsp;&nbsp;&nbsp;主演: 汤姆·汉克斯 Tom Hanks...,1998,美国,剧情 战争,9.1,653880
哈利·波特与死亡圣器(下),导演: 大卫·叶茨 David Yates&nbsp;&nbsp;&nbsp;主演: 丹尼尔·雷德克里夫 Daniel Radcliffe...,2011,美国 英国,奇幻 冒险,9.0,842663
飞越疯人院,导演: 米洛斯·福尔曼 Miloš Forman&nbsp;&nbsp;&nbsp;主演: 杰克·尼科尔森 Jack Nichols...,1975,美国,剧情,9.1,552082
小鞋子,导演: 马基德·马基迪 Majid Majidi&nbsp;&nbsp;&nbsp;主演: 默罕默德·阿米尔·纳吉 Mohamma...,1997,伊朗,剧情 儿童 家庭,9.2,415541
沉默的羔羊,导演: 乔纳森·戴米 Jonathan Demme&nbsp;&nbsp;&nbsp;主演: 朱迪·福斯特 Jodie Foster / 安...,1991,美国,剧情 犯罪 惊悚,8.9,899929
布达佩斯大饭店,导演: 韦斯·安德森 Wes Anderson&nbsp;&nbsp;&nbsp;主演: 拉尔夫·费因斯 Ralph Fiennes / ...,2014,美国 德国 英国,剧情 喜剧 冒险,8.9,948463
禁闭岛,导演: Martin Scorsese&nbsp;&nbsp;&nbsp;主演: 莱昂纳多·迪卡普里奥 Leonardo DiCaprio / ...,2010,美国,剧情 悬疑 惊悚,8.9,989489
功夫,导演: 周星驰 Stephen Chow&nbsp;&nbsp;&nbsp;主演: 周星驰 Stephen Chow / 元秋 Qiu Yuen / ...,2004,中国大陆 中国香港,动作 喜剧 犯罪 奇幻,8.8,1149655
蝴蝶效应,导演: 埃里克·布雷斯 Eric Bress / J·麦基·格鲁伯 J. Mackye Gruber&nbsp;&nbsp;&nbsp;主...,2004,美国 加拿大,剧情 悬疑 科幻 惊悚,8.9,948853
致命魔术,导演: 克里斯托弗·诺兰 Christopher Nolan&nbsp;&nbsp;&nbsp;主演: 休·杰克曼 Hugh Jackman...,2006,英国 美国,剧情 悬疑 惊悚,8.9,870643
哈利·波特与阿兹卡班的囚徒,导演: Alfonso Cuarón&nbsp;&nbsp;&nbsp;主演: 丹尼尔·雷德克里夫 Daniel Radcliffe / Emma...,2004,英国 美国,奇幻 冒险,8.9,742390
心灵捕手,导演: 格斯·范·桑特 Gus Van Sant&nbsp;&nbsp;&nbsp;主演: 马特·达蒙 Matt Damon / 罗宾·...,1997,美国,剧情,8.9,722251
超脱,导演: 托尼·凯耶 Tony Kaye&nbsp;&nbsp;&nbsp;主演: 艾德里安·布洛迪 Adrien Brody / 马西...,2011,美国,剧情,9.0,611278
海豚湾,导演: 路易·西霍尤斯 Louie Psihoyos&nbsp;&nbsp;&nbsp;主演: 路易·西霍尤斯 Louie Psihoyo...,2009,美国,纪录片,9.3,359580
低俗小说,导演: 昆汀·塔伦蒂诺 Quentin Tarantino&nbsp;&nbsp;&nbsp;主演: 约翰·特拉沃尔塔 John Tra...,1994,美国,剧情 喜剧 犯罪,8.9,842492
春光乍泄,导演: 王家卫 Kar Wai Wong&nbsp;&nbsp;&nbsp;主演: 张国荣 Leslie Cheung / 梁朝伟 Tony Leu...,1997,中国香港 日本 韩国,剧情 爱情 同性,9.0,638958
摩登时代,导演: 查理·卓别林 Charles Chaplin&nbsp;&nbsp;&nbsp;主演: 查理·卓别林 Charles Chaplin ...,1936,美国,剧情 喜剧 爱情,9.3,305013
美国往事,导演: 赛尔乔·莱翁内 Sergio Leone&nbsp;&nbsp;&nbsp;主演: 罗伯特·德尼罗 Robert De Niro ...,1984,美国 意大利,犯罪 剧情,9.2,416442
喜剧之王,导演: 周星驰 Stephen Chow / 李力持 Lik-Chi Lee&nbsp;&nbsp;&nbsp;主演: 周星驰 Stephen Ch...,1999,中国香港,喜剧 剧情 爱情,8.8,980732
致命ID,导演: 詹姆斯·曼高德 James Mangold&nbsp;&nbsp;&nbsp;主演: 约翰·库萨克 John Cusack / 雷...,2003,美国,剧情 悬疑 惊悚,8.9,835363
杀人回忆,导演: 奉俊昊 Joon-ho Bong&nbsp;&nbsp;&nbsp;主演: 宋康昊 Kang-ho Song / 金相庆 Sang-kyun...,2003,韩国,剧情 动作 犯罪 悬疑 惊悚,8.9,723801
七宗罪,导演: 大卫·芬奇 David Fincher&nbsp;&nbsp;&nbsp;主演: 摩根·弗里曼 Morgan Freeman / 布...,1995,美国,剧情 犯罪 悬疑 惊悚,8.8,951167
红辣椒,导演: 今敏 Satoshi Kon&nbsp;&nbsp;&nbsp;主演: 林原惠美 Megumi Hayashibara / 江守彻 Toru...,2006,日本,动画 悬疑 科幻 惊悚,9.1,471687
加勒比海盗,导演: 戈尔·维宾斯基 Gore Verbinski&nbsp;&nbsp;&nbsp;主演: 约翰尼·德普 Johnny Depp / ...,2003,美国,动作 冒险 奇幻,8.8,868522
哈利·波特与密室,导演: Chris Columbus&nbsp;&nbsp;&nbsp;主演: 丹尼尔·雷德克里夫 Daniel Radcliffe / 艾玛...,2002,英国 美国,奇幻 冒险,8.9,769657
一一,导演: 杨德昌 Edward Yang&nbsp;&nbsp;&nbsp;主演: 吴念真 / 李凯莉 Kelly Lee / 金燕玲 Elai...,2000,中国台湾 日本,剧情 爱情 家庭,9.1,400589
狩猎,导演: 托马斯·温特伯格 Thomas Vinterberg&nbsp;&nbsp;&nbsp;主演: 麦斯·米科尔森 Mads Mik...,2012,丹麦 瑞典,剧情,9.1,397078
唐伯虎点秋香,导演: 李力持 Lik-Chi Lee&nbsp;&nbsp;&nbsp;主演: 周星驰 Stephen Chow / 巩俐 Li Gong / 陈...,1993,中国香港,喜剧 爱情 古装,8.7,1092151
7号房的礼物,导演: 李焕庆 Hwan-kyeong Lee&nbsp;&nbsp;&nbsp;主演: 柳承龙 Seung-yong Ryoo / 朴信惠 Shi...,2013,韩国,剧情 喜剧 家庭,8.9,563058
被嫌弃的松子的一生,导演: 中岛哲也 Tetsuya Nakashima&nbsp;&nbsp;&nbsp;主演: 中谷美纪 Miki Nakatani / 瑛太 E...,2006,日本,剧情 歌舞,8.9,709544
请以你的名字呼唤我,导演: 卢卡·瓜达尼诺 Luca Guadagnino&nbsp;&nbsp;&nbsp;主演: 艾米·汉莫 Armie Hammer / ...,2017,意大利 法国 巴西 美国,剧情 爱情 同性,8.8,730672
蝙蝠侠：黑暗骑士崛起,导演: 克里斯托弗·诺兰 Christopher Nolan&nbsp;&nbsp;&nbsp;主演: 克里斯蒂安·贝尔 Christ...,2012,美国 英国,剧情 动作 科幻 犯罪 惊悚,8.8,731041
断背山,导演: 李安 Ang Lee&nbsp;&nbsp;&nbsp;主演: 希斯·莱杰 Heath Ledger / 杰克·吉伦哈尔 Jake...,2005,美国 加拿大,剧情 爱情 同性 家庭,8.8,712775
剪刀手爱德华,导演: 蒂姆·波顿 Tim Burton&nbsp;&nbsp;&nbsp;主演: 约翰尼·德普 Johnny Depp / 薇诺娜·...,1990,美国,剧情 奇幻 爱情,8.7,1042615
爱在黎明破晓前,导演: 理查德·林克莱特 Richard Linklater&nbsp;&nbsp;&nbsp;主演: 伊桑·霍克 Ethan Hawke ...,1995,美国 奥地利 瑞士,剧情 爱情,8.8,692470
入殓师,导演: 泷田洋二郎 Yôjirô Takita&nbsp;&nbsp;&nbsp;主演: 本木雅弘 Masahiro Motoki / ...,2008,日本,剧情,8.9,674070
第六感,导演: M·奈特·沙马兰 M. Night Shyamalan&nbsp;&nbsp;&nbsp;主演: 布鲁斯·威利斯 Bruce Wi...,1999,美国,剧情 悬疑 惊悚,8.9,562088
勇敢的心,导演: 梅尔·吉布森 Mel Gibson&nbsp;&nbsp;&nbsp;主演: 梅尔·吉布森 Mel Gibson / 苏菲·玛...,1995,美国,动作 传记 剧情 历史 战争,8.9,562430
重庆森林,导演: 王家卫 Kar Wai Wong&nbsp;&nbsp;&nbsp;主演: 林青霞 Brigitte Lin / 金城武 Takeshi K...,1994,中国香港,剧情 爱情,8.8,819974
超能陆战队,导演: 唐·霍尔 Don Hall / 克里斯·威廉姆斯 Chris Williams&nbsp;&nbsp;&nbsp;主演: 斯科特...,2014,美国,喜剧 动作 科幻 动画 冒险,8.7,1025662
幽灵公主,导演: 宫崎骏 Hayao Miyazaki&nbsp;&nbsp;&nbsp;主演: 松田洋治 Yôji Matsuda / 石田百合...,1997,日本,动画 奇幻 冒险,8.9,529520
甜蜜蜜,导演: 陈可辛 Peter Chan&nbsp;&nbsp;&nbsp;主演: 黎明 Leon Lai / 张曼玉 Maggie Cheung / ...,1996,中国香港,剧情 爱情,8.9,562416
爱在日落黄昏时,导演: 理查德·林克莱特 Richard Linklater&nbsp;&nbsp;&nbsp;主演: 伊桑·霍克 Ethan Hawke ...,2004,美国 法国,剧情 爱情,8.9,568816
菊次郎的夏天,导演: 北野武 Takeshi Kitano&nbsp;&nbsp;&nbsp;主演: 北野武 Takeshi Kitano / 关口雄介 Yus...,1999,日本,剧情 喜剧,8.9,602532
借东西的小人阿莉埃蒂,导演: 米林宏昌 Hiromasa Yonebayashi&nbsp;&nbsp;&nbsp;主演: 志田未来 Mirai Shida / 神木...,2010,日本,动画 奇幻 冒险,8.9,559935
消失的爱人,导演: 大卫·芬奇 David Fincher&nbsp;&nbsp;&nbsp;主演: 本·阿弗莱克 Ben Affleck / 罗莎蒙...,2014,美国,剧情 犯罪 悬疑 惊悚,8.7,964967
天使爱美丽,导演: 让-皮埃尔·热内 Jean-Pierre Jeunet&nbsp;&nbsp;&nbsp;主演: 奥黛丽·塔图 Audrey Tau...,2001,法国 德国,剧情 喜剧 爱情,8.7,960124
阳光灿烂的日子,导演: 姜文 Wen Jiang&nbsp;&nbsp;&nbsp;主演: 夏雨 Yu Xia / 宁静 Jing Ning / 陶虹 Hong Tao,1994,中国大陆 中国香港,剧情 爱情,8.8,620234
完美的世界,导演: 克林特·伊斯特伍德 Clint Eastwood&nbsp;&nbsp;&nbsp;主演: 凯文·科斯特纳 Kevin Cos...,1993,美国,剧情 犯罪,9.1,318694
小森林 夏秋篇,导演: 森淳一 Junichi Mori&nbsp;&nbsp;&nbsp;主演: 桥本爱 Ai Hashimoto / 三浦贵大 Takahir...,2014,日本,剧情,9.0,429944
寄生虫,导演: 奉俊昊 Joon-ho Bong&nbsp;&nbsp;&nbsp;主演: 宋康昊 Kang-ho Song / 李善均 Seon-gyun...,2019,韩国,剧情,8.8,1383985
无人知晓,导演: 是枝裕和 Hirokazu Koreeda&nbsp;&nbsp;&nbsp;主演: 柳乐优弥 Yûya Yagira / 北浦爱...,2004,日本,剧情,9.1,322812
倩女幽魂,导演: 程小东 Siu-Tung Ching&nbsp;&nbsp;&nbsp;主演: 张国荣 Leslie Cheung / 王祖贤 Joey W...,1987,中国香港,爱情 奇幻 武侠 古装,8.8,745174
时空恋旅人,导演: 理查德·柯蒂斯 Richard Curtis&nbsp;&nbsp;&nbsp;主演: 多姆纳尔·格里森 Domhnall Gl...,2013,英国,喜剧 爱情 奇幻,8.8,682742
侧耳倾听,导演: 近藤喜文 Yoshifumi Kondo&nbsp;&nbsp;&nbsp;主演: 本名阳子 Youko Honna / 小林桂树 K...,1995,日本,剧情 爱情 动画,8.9,467860
幸福终点站,导演: 史蒂文·斯皮尔伯格 Steven Spielberg&nbsp;&nbsp;&nbsp;主演: 汤姆·汉克斯 Tom Hanks...,2004,美国,喜剧 剧情 爱情,8.8,577463
小森林 冬春篇,导演: 森淳一 Junichi Mori&nbsp;&nbsp;&nbsp;主演: 桥本爱 Ai Hashimoto / 三浦贵大 Takahir...,2015,日本,剧情,9.0,382755
驯龙高手,导演: 迪恩·德布洛斯 Dean DeBlois / 克里斯·桑德斯 Chris Sanders&nbsp;&nbsp;&nbsp;主演:...,2010,美国,动画 奇幻 冒险,8.8,763345
未麻的部屋,导演: 今敏 Satoshi Kon&nbsp;&nbsp;&nbsp;主演: 岩男润子 Junko Iwao / 松本梨香 Rica Matsu...,1997,日本,动画 奇幻 惊悚,9.1,339317
哈利·波特与火焰杯,导演: 迈克·内威尔 Mike Newell&nbsp;&nbsp;&nbsp;主演: 丹尼尔·雷德克里夫 Daniel Radclif...,2005,英国 美国,悬疑 奇幻 冒险,8.8,671424
一个叫欧维的男人决定去死,导演: 汉内斯·赫尔姆 Hannes Holm&nbsp;&nbsp;&nbsp;主演: 罗夫·拉斯加德 Rolf Lassgård...,2015,瑞典,剧情,8.9,489919
教父3,导演: 弗朗西斯·福特·科波拉 Francis Ford Coppola&nbsp;&nbsp;&nbsp;主演: 阿尔·帕西诺 A...,1990,美国,剧情 犯罪,9.0,379074
怪兽电力公司,导演: 彼特·道格特 Pete Docter / 大卫·斯沃曼 David Silverman&nbsp;&nbsp;&nbsp;主演: 约...,2001,美国,儿童 喜剧 动画 奇幻 冒险,8.8,680605
萤火之森,导演: 大森贵弘 Takahiro Omori&nbsp;&nbsp;&nbsp;主演: 佐仓绫音 Ayane Sakura / 内山昂辉 K...,2011,日本,剧情 爱情 动画 奇幻,8.9,545792
傲慢与偏见,导演: 乔·怀特 Joe Wright&nbsp;&nbsp;&nbsp;主演: 凯拉·奈特莉 Keira Knightley / 马修·...,2005,法国 英国 美国,剧情 爱情,8.7,810299
玩具总动员3,导演: 李·昂克里奇 Lee Unkrich&nbsp;&nbsp;&nbsp;主演: 汤姆·汉克斯 Tom Hanks / 蒂姆·艾...,2010,美国,喜剧 动画 奇幻 冒险,8.9,524008
新世界,导演: 朴勋政 Hoon-jung Park&nbsp;&nbsp;&nbsp;主演: 李政宰 Jung-Jae Lee / 崔岷植 Min-sik...,2013,韩国,剧情 犯罪,8.9,442950
釜山行,导演: 延尚昊 Sang-ho Yeon&nbsp;&nbsp;&nbsp;主演: 孔侑 Yoo Gong / 郑有美 Yu-mi Jung / 马...,2016,韩国,动作 惊悚 灾难,8.6,1211697
被解救的姜戈,导演: 昆汀·塔伦蒂诺 Quentin Tarantino&nbsp;&nbsp;&nbsp;主演: 杰米·福克斯 Jamie Foxx /...,2012,美国,剧情 动作 西部 冒险,8.8,615500
神偷奶爸,导演: 皮艾尔·柯芬 Pierre Coffin / 克里斯·雷纳德 Chris Renaud&nbsp;&nbsp;&nbsp;主演: ...,2010,美国 法国,喜剧 动画 冒险,8.7,956277
玛丽和马克思,导演: 亚当·艾略特 Adam Elliot&nbsp;&nbsp;&nbsp;主演: 托妮·科莱特 Toni Collette / 菲利...,2009,澳大利亚 美国,剧情 喜剧 动画,9.0,424330
告白,导演: 中岛哲也 Tetsuya Nakashima&nbsp;&nbsp;&nbsp;主演: 松隆子 Takako Matsu / 冈田将生 ...,2010,日本,剧情 悬疑,8.8,677069
茶馆,导演: 谢添 Tian Xie&nbsp;&nbsp;&nbsp;主演: 于是之 Shizhi Yu / 郑榕 Rong Zhen / 蓝天野 T...,1982(中国大陆),中国大陆,剧情 历史,9.6,150830
哪吒闹海,导演: 王树忱 Shuchen Wang / 严定宪 Dingxian Yan&nbsp;&nbsp;&nbsp;主演: 梁正晖 Zhenghui ...,1979,中国大陆,冒险 动画 奇幻,9.2,263049
大鱼,导演: 蒂姆·波顿 Tim Burton&nbsp;&nbsp;&nbsp;主演: 伊万·麦克格雷格 Ewan McGregor / 阿...,2003,美国,剧情 家庭 奇幻 冒险,8.8,573121
九品芝麻官,导演: 王晶 Jing Wong&nbsp;&nbsp;&nbsp;主演: 周星驰 Stephen Chow / 吴孟达 Man Tat Ng / ...,1994,中国香港 中国大陆,剧情 喜剧 古装,8.7,689482
喜宴,导演: 李安 Ang Lee&nbsp;&nbsp;&nbsp;主演: 赵文瑄 Winston Chao / 归亚蕾 Ya-lei Kuei / 郎...,1993,中国台湾 美国,剧情 喜剧 爱情 同性 家庭,9.0,367814
模仿游戏,导演: 莫滕·泰杜姆 Morten Tyldum&nbsp;&nbsp;&nbsp;主演: 本尼迪克特·康伯巴奇 Benedict C...,2014,英国 美国,剧情 传记 战争 同性,8.8,654208
头号玩家,导演: 史蒂文·斯皮尔伯格 Steven Spielberg&nbsp;&nbsp;&nbsp;主演: 泰伊·谢里丹 Tye Sheri...,2018,美国,动作 科幻 冒险,8.7,1381091
色，戒,导演: 李安 Ang Lee&nbsp;&nbsp;&nbsp;主演: 梁朝伟 Tony Leung Chiu Wai / 汤唯 Wei Tang / ...,2007,中国台湾 中国大陆 美国 中国香港,剧情 爱情 情色,8.7,820485
射雕英雄传之东成西就,导演: 刘镇伟 Jeffrey Lau&nbsp;&nbsp;&nbsp;主演: 梁朝伟 Tony Leung Chiu Wai / 林青霞 Bri...,1993,中国香港,喜剧 奇幻 武侠 古装,8.7,643896
花样年华,导演: 王家卫 Kar Wai Wong&nbsp;&nbsp;&nbsp;主演: 梁朝伟 Tony Leung Chiu Wai / 张曼玉 Ma...,2000,中国香港,剧情 爱情,8.7,615757
我是山姆,导演: 杰茜·尼尔森 Jessie Nelson&nbsp;&nbsp;&nbsp;主演: Sean Penn / Dakota Fanning / Mi...,2001,美国,剧情 家庭,9.0,341331
阳光姐妹淘,导演: 姜炯哲 Hyeong-Cheol Kang&nbsp;&nbsp;&nbsp;主演: 沈恩京 Eun-kyung Shim / 闵孝琳 Hy...,2011,韩国,剧情 喜剧,8.8,594142
头脑特工队,导演: 彼特·道格特 Pete Docter / 罗纳尔多·德尔·卡门 Ronaldo Del Carmen&nbsp;&nbsp;&nb...,2015,美国,喜剧 动画 冒险,8.8,622601
血战钢锯岭,导演: 梅尔·吉布森 Mel Gibson&nbsp;&nbsp;&nbsp;主演: 安德鲁·加菲尔德 Andrew Garfield /...,2016,澳大利亚 美国,剧情 传记 历史 战争,8.7,789388
七武士,导演: 黑泽明 Akira Kurosawa&nbsp;&nbsp;&nbsp;主演: 三船敏郎 Toshirô Mifune / 志村乔 ...,1954,日本,动作 冒险 剧情,9.3,200660
恐怖直播,导演: 金秉祐 Byeong-woo Kim&nbsp;&nbsp;&nbsp;主演: 河正宇 Jung-woo Ha / 李璟荣 Kyeong-y...,2013,韩国,剧情 犯罪 悬疑,8.7,658324
惊魂记,导演: 阿尔弗雷德·希区柯克 Alfred Hitchcock&nbsp;&nbsp;&nbsp;主演: 安东尼·博金斯 Antho...,1960,美国,悬疑 惊悚 恐怖,9.0,299744
黑客帝国3：矩阵革命,导演: 拉娜·沃卓斯基 Lana Wachowski / 莉莉·沃卓斯基 Lilly Wachowski&nbsp;&nbsp;&nbsp;...,2003,美国,动作 科幻,8.8,451251
你的名字。,导演: 新海诚 Makoto Shinkai&nbsp;&nbsp;&nbsp;主演: 神木隆之介 Ryûnosuke Kamiki / 上...,2016,日本,剧情 爱情 动画,8.5,1422775
电锯惊魂,导演: 詹姆斯·温 James Wan&nbsp;&nbsp;&nbsp;主演: 雷·沃纳尔 Leigh Whannell / 加利·艾...,2004,美国,悬疑 惊悚 恐怖,8.8,539326
三块广告牌,导演: 马丁·麦克唐纳 Martin McDonagh&nbsp;&nbsp;&nbsp;主演: 弗兰西斯·麦克多蒙德 France...,2017,英国 美国,剧情 犯罪,8.7,827692
达拉斯买家俱乐部,导演: 让-马克·瓦雷 Jean-Marc Vallée&nbsp;&nbsp;&nbsp;主演: 马修·麦康纳 Matthew McCon...,2013,美国,剧情 传记 同性,8.8,456846
疯狂原始人,导演: 科克·德·米科 Kirk De Micco / 克里斯·桑德斯 Chris Sanders&nbsp;&nbsp;&nbsp;主演...,2013,美国,喜剧 动画 冒险,8.7,846432
心迷宫,导演: 忻钰坤 Yukun Xin&nbsp;&nbsp;&nbsp;主演: 霍卫民 Weimin Huo / 王笑天 Xiaotian Wang ...,2014,中国大陆,剧情 犯罪 悬疑,8.7,527826
谍影重重3,导演: 保罗·格林格拉斯 Paul Greengrass&nbsp;&nbsp;&nbsp;主演: 马特·达蒙 Matt Damon / ...,2007,美国 德国 法国 英国,动作 悬疑 惊悚,8.8,422738
上帝之城,导演: 费尔南多·梅里尔斯 Fernando Meirelles / 卡迪亚·兰德 Kátia Lund&nbsp;&nbsp;&nbsp...,2002,巴西 法国,犯罪 剧情,9.0,303787
英雄本色,导演: 吴宇森 John Woo&nbsp;&nbsp;&nbsp;主演: 周润发 Yun-Fat Chow / 狄龙 Lung Ti / 张国...,1986,中国香港,剧情 动作 犯罪,8.6,547048
风之谷,导演: 宫崎骏 Hayao Miyazaki&nbsp;&nbsp;&nbsp;主演: 岛本须美 Sumi Shimamoto / 松田洋治 Y...,1984,日本,动画 奇幻 冒险,8.9,357474
纵横四海,导演: 吴宇森 John Woo&nbsp;&nbsp;&nbsp;主演: 周润发 Yun-Fat Chow / 张国荣 Leslie Cheung...,1991,中国香港,剧情 喜剧 动作 犯罪,8.8,430022
卢旺达饭店,导演: 特瑞·乔治 Terry George&nbsp;&nbsp;&nbsp;主演: 唐·钱德尔 Don Cheadle / 苏菲·奥...,2004,英国 南非 意大利 美国,剧情 传记 历史 战争,8.9,333223
爱在午夜降临前,导演: 理查德·林克莱特 Richard Linklater&nbsp;&nbsp;&nbsp;主演: 伊桑·霍克 Ethan Hawke ...,2013,美国 希腊,剧情 爱情,8.9,408189
海街日记,导演: 是枝裕和 Hirokazu Koreeda&nbsp;&nbsp;&nbsp;主演: 绫濑遥 Haruka Ayase / 长泽雅美 M...,2015,日本,剧情 家庭,8.8,453858
绿里奇迹,导演: 弗兰克·德拉邦特 Frank Darabont&nbsp;&nbsp;&nbsp;主演: 汤姆·汉克斯 Tom Hanks / ...,1999,美国,犯罪 剧情 奇幻 悬疑,8.9,333857
记忆碎片,导演: 克里斯托弗·诺兰 Christopher Nolan&nbsp;&nbsp;&nbsp;主演: 盖·皮尔斯 Guy Pearce /...,2000,美国,犯罪 剧情 悬疑 惊悚,8.7,609889
小丑,导演: 托德·菲利普斯 Todd Phillips&nbsp;&nbsp;&nbsp;主演: 杰昆·菲尼克斯 Joaquin Phoeni...,2019,美国 加拿大,剧情 犯罪 惊悚,8.7,1016584
疯狂的石头,导演: 宁浩 Hao Ning&nbsp;&nbsp;&nbsp;主演: 郭涛 Tao Guo / 刘桦 Hua Liu / 连晋 Teddy Lin,2006,中国大陆 中国香港,喜剧 犯罪,8.6,830916
背靠背，脸对脸,导演: 黄建新 Jianxin Huang / 杨亚洲 Yazhou Yang&nbsp;&nbsp;&nbsp;主演: 牛振华 Zhenhua N...,1994,中国大陆 中国香港,剧情,9.5,136929
岁月神偷,导演: 罗启锐 Alex Law&nbsp;&nbsp;&nbsp;主演: 吴君如 Sandra Ng / 任达华 Simon Yam / 钟绍...,2010,中国香港 中国大陆,剧情 家庭,8.7,577663
雨中曲,导演: 斯坦利·多南 Stanley Donen / 吉恩·凯利 Gene Kelly&nbsp;&nbsp;&nbsp;主演: 吉恩·...,1952,美国,喜剧 歌舞 爱情,9.1,229069
忠犬八公物语,导演: 神山征二郎 Seijirô Kôyama&nbsp;&nbsp;&nbsp;主演: 仲代达矢 Tatsuya Nakadai /...,1987,日本,剧情,9.2,197890
2001太空漫游,导演: 斯坦利·库布里克 Stanley Kubrick&nbsp;&nbsp;&nbsp;主演: 凯尔·杜拉 Keir Dullea / ...,1968,英国 美国,科幻 惊悚 冒险,8.9,334844
心灵奇旅,导演: 彼特·道格特 Pete Docter / 凯普·鲍尔斯 Kemp Powers&nbsp;&nbsp;&nbsp;主演: 杰米·...,2020,美国,动画 奇幻 音乐,8.7,993802
荒蛮故事,导演: 达米安·斯兹弗隆 Damián Szifron&nbsp;&nbsp;&nbsp;主演: 达里奥·葛兰帝内提 Darío...,2014,阿根廷 西班牙,剧情 喜剧 犯罪,8.8,448050
无间道2,导演: 刘伟强 / 麦兆辉&nbsp;&nbsp;&nbsp;主演: 陈冠希 Edison Chen / 余文乐 Shawn Yue / 曾...,2003,中国香港,剧情 犯罪 惊悚,8.7,485416
小偷家族,导演: 是枝裕和 Hirokazu Koreeda&nbsp;&nbsp;&nbsp;主演: 中川雅也 Lily Franky / 安藤樱 Sa...,2018,日本,剧情 犯罪 家庭,8.7,818492
无敌破坏王,导演: 瑞奇·莫尔 Rich Moore&nbsp;&nbsp;&nbsp;主演: 约翰·C·赖利 John C. Reilly / 萨拉...,2012,美国,喜剧 动画 奇幻 冒险,8.7,545831
爆裂鼓手,导演: 达米恩·查泽雷 Damien Chazelle&nbsp;&nbsp;&nbsp;主演: 迈尔斯·特勒 Miles Teller /...,2014,美国,剧情 音乐,8.7,594296
冰川时代,导演: 卡洛斯·沙尔丹哈 Carlos Saldanha / 克里斯·韦奇 Chris Wedge&nbsp;&nbsp;&nbsp;主演...,2002,美国,喜剧 动画 冒险,8.6,621351
恐怖游轮,导演: 克里斯托弗·史密斯 Christopher Smith&nbsp;&nbsp;&nbsp;主演: 梅利莎·乔治 Melissa ...,2009,英国 澳大利亚,剧情 悬疑 惊悚,8.5,873929
贫民窟的百万富翁,导演: 丹尼·鲍尔 Danny Boyle / 洛芙琳·坦丹 Loveleen Tandan&nbsp;&nbsp;&nbsp;主演: 戴夫...,2008,英国,剧情 爱情,8.6,750744
东邪西毒,导演: 王家卫 Kar Wai Wong&nbsp;&nbsp;&nbsp;主演: 张国荣 Leslie Cheung / 林青霞 Brigitte...,1994,中国香港 中国台湾,剧情 动作 爱情 武侠 古装,8.6,581407
牯岭街少年杀人事件,导演: 杨德昌 Edward Yang&nbsp;&nbsp;&nbsp;主演: 张震 Chen Chang / 杨静怡 Lisa Yang / 张...,1991,中国台湾,剧情 犯罪,8.9,305041
魔女宅急便,导演: 宫崎骏 Hayao Miyazaki&nbsp;&nbsp;&nbsp;主演: 高山南 Minami Takayama / 佐久间玲 Re...,1989,日本,动画 奇幻 冒险,8.7,464584
遗愿清单,导演: 罗伯·莱纳 Rob Reiner&nbsp;&nbsp;&nbsp;主演: 杰克·尼科尔森 Jack Nicholson / 摩根...,2007,美国,冒险 喜剧 剧情,8.7,467386
东京教父,导演: 今敏 Satoshi Kon&nbsp;&nbsp;&nbsp;主演: 江守彻 Toru Emori / 梅垣义明 Yoshiaki Ume...,2003,日本,剧情 喜剧 动画,9.0,234312
大佛普拉斯,导演: 黄信尧 Hsin-yao Huang&nbsp;&nbsp;&nbsp;主演: 庄益增 Yizeng Zhuang / 陈竹昇 Chu-sh...,2017,中国台湾,剧情 喜剧,8.7,465310
你看起来好像很好吃,导演: 藤森雅也 Masaya Fujimori&nbsp;&nbsp;&nbsp;主演: 山口胜平 Kappei Yamaguchi / 爱河...,2010,日本,剧情 动画 儿童,8.9,336210
真爱至上,导演: 理查德·柯蒂斯 Richard Curtis&nbsp;&nbsp;&nbsp;主演: 休·格兰特 Hugh Grant / 柯林...,2003,英国 美国 法国,喜剧 剧情 爱情,8.6,736181
黑天鹅,导演: 达伦·阿罗诺夫斯基 Darren Aronofsky&nbsp;&nbsp;&nbsp;主演: 娜塔莉·波特曼 Natalie...,2010,美国,剧情 惊悚,8.6,785343
可可西里,导演: 陆川 Chuan Lu&nbsp;&nbsp;&nbsp;主演: 多布杰 Duobujie / 张磊 Lei Zhang / 亓亮 Qi L...,2004,中国大陆 中国香港,剧情 犯罪,8.9,306496
城市之光,导演: Charles Chaplin&nbsp;&nbsp;&nbsp;主演: 查理·卓别林 Charles Chaplin / 弗吉尼亚·...,1931,美国,喜剧 剧情 爱情,9.3,148718
源代码,导演: 邓肯·琼斯 Duncan Jones&nbsp;&nbsp;&nbsp;主演: 杰克·吉伦哈尔 Jake Gyllenhaal / ...,2011,美国 加拿大,科幻 悬疑 惊悚,8.5,842286
海边的曼彻斯特,导演: 肯尼斯·罗纳根 Kenneth Lonergan&nbsp;&nbsp;&nbsp;主演: 卡西·阿弗莱克 Casey Affle...,2016,美国,剧情 家庭,8.6,549587
雨人,导演: 巴瑞·莱文森 Barry Levinson&nbsp;&nbsp;&nbsp;主演: 达斯汀·霍夫曼 Dustin Hoffman ...,1988,美国,剧情,8.7,407398
波西米亚狂想曲,导演: 布莱恩·辛格 Bryan Singer&nbsp;&nbsp;&nbsp;主演: 拉米·马雷克 Rami Malek / 本·哈...,2018,英国 美国,剧情 传记 同性 音乐,8.6,611970
初恋这件小事,导演: 普特鹏·普罗萨卡·那·萨克那卡林 Puttipong Promsaka Na Sakolnakorn / 华森·波克彭...,2010,泰国,剧情 喜剧 爱情,8.5,985960
恋恋笔记本,导演: 尼克·卡索维茨 Nick Cassavetes&nbsp;&nbsp;&nbsp;主演: 瑞恩·高斯林 Ryan Gosling /...,2004,美国,剧情 爱情,8.5,677620
人工智能,导演: 史蒂文·斯皮尔伯格 Steven Spielberg&nbsp;&nbsp;&nbsp;主演: 海利·乔·奥斯蒙 Haley...,2001,美国 英国,剧情 科幻,8.7,451363
青蛇,导演: 徐克 Hark Tsui&nbsp;&nbsp;&nbsp;主演: 张曼玉 Maggie Cheung / 王祖贤 Joey Wang / ...,1993,中国香港 中国大陆,剧情 爱情 奇幻 古装,8.6,532060
虎口脱险,导演: 杰拉尔·乌里 Gérard Oury&nbsp;&nbsp;&nbsp;主演: 路易·德·菲耐斯 Louis de Funès...,1966,法国 英国,喜剧 战争,8.9,260186
终结者2：审判日,导演: 詹姆斯·卡梅隆 James Cameron&nbsp;&nbsp;&nbsp;主演: 阿诺·施瓦辛格 Arnold Schwarz...,1991,美国 法国,动作 科幻,8.8,345056
疯狂的麦克斯4：狂暴之路,导演: 乔治·米勒 George Miller&nbsp;&nbsp;&nbsp;主演: 汤姆·哈迪 Tom Hardy / 查理兹·塞...,2015,澳大利亚 美国,动作 科幻 冒险,8.7,535933
末路狂花,导演: 雷德利·斯科特 Ridley Scott&nbsp;&nbsp;&nbsp;主演: 吉娜·戴维斯 Geena Davis / 苏...,1991,美国 英国 法国,犯罪 剧情 惊悚,8.9,262317
罗生门,导演: 黑泽明 Akira Kurosawa&nbsp;&nbsp;&nbsp;主演: 三船敏郎 Toshirô Mifune / 京町子 ...,1950,日本,剧情 犯罪 悬疑,8.8,318052
新龙门客栈,导演: 李惠民 Raymond Lee&nbsp;&nbsp;&nbsp;主演: 张曼玉 Maggie Cheung / 林青霞 Brigitte ...,1992,中国香港 中国大陆,动作 爱情 武侠 古装,8.7,449122
萤火虫之墓,导演: 高畑勋 Isao Takahata&nbsp;&nbsp;&nbsp;主演: 辰己努 / 白石绫乃 / 志乃原良子,1988,日本,动画 剧情 战争,8.7,407396
千钧一发,导演: 安德鲁·尼科尔 Andrew Niccol&nbsp;&nbsp;&nbsp;主演: 伊桑·霍克 Ethan Hawke / 乌玛...,1997,美国,剧情 科幻 惊悚,8.8,302902
无耻混蛋,导演: 昆汀·塔伦蒂诺 Quentin Tarantino&nbsp;&nbsp;&nbsp;主演: 布拉德·皮特 Brad Pitt / ...,2009,德国 美国,剧情 犯罪,8.7,483512
崖上的波妞,导演: 宫崎骏 Hayao Miyazaki&nbsp;&nbsp;&nbsp;主演: 奈良柚莉爱 Yuria Nara / 土井洋辉 Hir...,2008,日本,动画 奇幻 冒险,8.6,503823
花束般的恋爱,导演: 土井裕泰 Nobuhiro Doi&nbsp;&nbsp;&nbsp;主演: 菅田将晖 Masaki Suda / 有村架纯 Kasu...,2021,日本,剧情 爱情,8.6,635825
彗星来的那一夜,导演: 詹姆斯·沃德·布柯特 James Ward Byrkit&nbsp;&nbsp;&nbsp;主演: 艾米丽·芭尔多尼 Em...,2013,美国 英国,科幻 悬疑 惊悚,8.6,588041
芙蓉镇,导演: 谢晋 Jin Xie&nbsp;&nbsp;&nbsp;主演: 刘晓庆 Xiaoqing Liu / 姜文 Wen Jiang / 郑在石...,1987,中国大陆,剧情 爱情,9.3,142589
奇迹男孩,导演: 斯蒂芬·卓博斯基 Stephen Chbosky&nbsp;&nbsp;&nbsp;主演: 雅各布·特伦布莱 Jacob Tr...,2017,美国 中国香港,剧情 儿童 家庭,8.6,555124
爱乐之城,导演: 达米恩·查泽雷 Damien Chazelle&nbsp;&nbsp;&nbsp;主演: 瑞恩·高斯林 Ryan Gosling /...,2016,美国,剧情 爱情 歌舞,8.4,909276
二十二,导演: 郭柯 Ke Guo&nbsp;&nbsp;&nbsp;主演:,2015,中国大陆,纪录片,8.7,293555
黑客帝国2：重装上阵,导演: 拉娜·沃卓斯基 Lana Wachowski / 莉莉·沃卓斯基 Lilly Wachowski&nbsp;&nbsp;&nbsp;...,2003,美国,动作 科幻,8.7,410227
哈利·波特与死亡圣器(上),导演: 大卫·叶茨 David Yates&nbsp;&nbsp;&nbsp;主演: 丹尼尔·雷德克里夫 Daniel Radcliffe...,2010,英国 美国,奇幻 冒险,8.5,584485
血钻,导演: 爱德华·兹威克 Edward Zwick&nbsp;&nbsp;&nbsp;主演: 莱昂纳多·迪卡普里奥 Leonardo ...,2006,美国 德国 英国,剧情 惊悚 冒险,8.7,383741
战争之王,导演: 安德鲁·尼科尔 Andrew Niccol&nbsp;&nbsp;&nbsp;主演: 尼古拉斯·凯奇 Nicolas Cage /...,2005,美国 德国,剧情 犯罪,8.7,372555
步履不停,导演: 是枝裕和 Hirokazu Koreeda&nbsp;&nbsp;&nbsp;主演: 阿部宽 Hiroshi Abe / 夏川结衣 Yu...,2008,日本,剧情 家庭,8.8,282335
房间,导演: 伦尼·阿伯拉罕森 Lenny Abrahamson&nbsp;&nbsp;&nbsp;主演: 布丽·拉尔森 Brie Larson...,2015,爱尔兰 加拿大 英国 美国,剧情 家庭,8.8,370477
火星救援,导演: 雷德利·斯科特 Ridley Scott&nbsp;&nbsp;&nbsp;主演: 马特·达蒙 Matt Damon / 杰西卡...,2015,英国 美国 匈牙利 约旦,剧情 科幻 冒险,8.5,737286
魂断蓝桥,导演: 茂文·勒鲁瓦 Mervyn LeRoy&nbsp;&nbsp;&nbsp;主演: 费雯·丽 Vivien Leigh / 罗伯特·...,1940,美国,剧情 爱情 战争,8.8,281374
千年女优,导演: 今敏 Satoshi Kon&nbsp;&nbsp;&nbsp;主演: 庄司美代子 Miyoko Shôji / 小山茉美 Mam...,2001,日本,动画 剧情 爱情,8.8,271456
谍影重重2,导演: 保罗·格林格拉斯 Paul Greengrass&nbsp;&nbsp;&nbsp;主演: 马特·达蒙 Matt Damon / ...,2004,美国 德国,动作 悬疑 惊悚,8.7,356532
白日梦想家,导演: 本·斯蒂勒 Ben Stiller&nbsp;&nbsp;&nbsp;主演: 本·斯蒂勒 Ben Stiller / 克里斯汀·...,2013,美国 英国,剧情 喜剧 冒险,8.6,490447
哈利·波特与凤凰社,导演: 大卫·叶茨 David Yates&nbsp;&nbsp;&nbsp;主演: 丹尼尔·雷德克里夫 Daniel Radcliffe...,2007,英国 美国,奇幻 冒险,8.5,578517
弱点,导演: 约翰·李·汉考克 John Lee Hancock&nbsp;&nbsp;&nbsp;主演: 桑德拉·布洛克 Sandra Bu...,2009,美国,剧情 家庭 传记 运动,8.7,313011
阿飞正传,导演: 王家卫 Kar Wai Wong&nbsp;&nbsp;&nbsp;主演: 张国荣 Leslie Cheung / 张曼玉 Maggie C...,1990,中国香港,犯罪 剧情 爱情,8.5,515695
蜘蛛侠：平行宇宙,导演: 鲍勃·佩尔西凯蒂 Bob Persichetti / 彼得·拉姆齐 Peter Ramsey&nbsp;&nbsp;&nbsp;主...,2018,美国,动作 科幻 动画 冒险,8.6,673396
谍影重重,导演: 道格·里曼 Doug Liman&nbsp;&nbsp;&nbsp;主演: 马特·达蒙 Matt Damon / 弗兰卡·波坦...,2002,美国 德国 捷克,动作 悬疑 惊悚,8.6,431826
朗读者,导演: 史蒂芬·戴德利 Stephen Daldry&nbsp;&nbsp;&nbsp;主演: 凯特·温丝莱特 Kate Winslet ...,2008,美国 德国,剧情 爱情,8.6,456610
燃情岁月,导演: 爱德华·兹威克 Edward Zwick&nbsp;&nbsp;&nbsp;主演: 布拉德·皮特 Brad Pitt / 安东...,1994,美国,剧情 爱情 战争 西部,8.7,289433
再次出发之纽约遇见你,导演: 约翰·卡尼 John Carney&nbsp;&nbsp;&nbsp;主演: 凯拉·奈特莉 Keira Knightley / 马克...,2013,美国,喜剧 爱情 音乐,8.6,430905
香水,导演: 汤姆·提克威 Tom Tykwer&nbsp;&nbsp;&nbsp;主演: 本·卫肖 Ben Whishaw / 艾伦·瑞克...,2006,德国 法国 西班牙 美国 比利时,剧情 犯罪 奇幻,8.5,548114
发条橙,导演: 斯坦利·库布里克 Stanley Kubrick&nbsp;&nbsp;&nbsp;主演: 马尔科姆·麦克道威尔 Malc...,1971,英国 美国,犯罪 剧情 科幻,8.6,369062
